
> nilahub@1.0.0 start
> react-scripts start

(node:25700) [DEP0176] DeprecationWarning: fs.F_OK is deprecated, use fs.constants.F_OK instead
(Use `node --trace-deprecation ...` to show where the warning was created)
(node:25700) [DEP_WEBPACK_DEV_SERVER_ON_AFTER_SETUP_MIDDLEWARE] DeprecationWarning: 'onAfterSetupMiddleware' option is deprecated. Please use the 'setupMiddlewares' option.
(node:25700) [DEP_WEBPACK_DEV_SERVER_ON_BEFORE_SETUP_MIDDLEWARE] DeprecationWarning: 'onBeforeSetupMiddleware' option is deprecated. Please use the 'setupMiddlewares' option.
Starting the development server...

Failed to compile.

[eslint] 
src\modules\astrology\AstrologyHome.js
  Line 342:417:  'astrologyService' is not defined         no-undef
  Line 355:137:  'DEFAULT_BIRTH_TIME_ZONE' is not defined  no-undef

Search for the keywords to learn more about each error.
[1m[33mWARNING[39m[22m in [1m./node_modules/dompurify/dist/purify.es.mjs[39m[22m
[1mModule Warning (from ./node_modules/source-map-loader/dist/cjs.js):
[1m[31mFailed[39m[22m[1m to parse source map from 'C:\Users\Dhanya\malabarbazaar\node_modules\dompurify\src\attrs.ts' file: [1m[31mError[39m[22m[1m: ENOENT: no such file or directory, open 'C:\Users\Dhanya\malabarbazaar\node_modules\dompurify\src\attrs.ts'[39m[22m

[1m[33mWARNING[39m[22m in [1m./node_modules/dompurify/dist/purify.es.mjs[39m[22m
[1mModule Warning (from ./node_modules/source-map-loader/dist/cjs.js):
[1m[31mFailed[39m[22m[1m to parse source map from 'C:\Users\Dhanya\malabarbazaar\node_modules\dompurify\src\purify.ts' file: [1m[31mError[39m[22m[1m: ENOENT: no such file or directory, open 'C:\Users\Dhanya\malabarbazaar\node_modules\dompurify\src\purify.ts'[39m[22m

[1m[33mWARNING[39m[22m in [1m./node_modules/dompurify/dist/purify.es.mjs[39m[22m
[1mModule Warning (from ./node_modules/source-map-loader/dist/cjs.js):
[1m[31mFailed[39m[22m[1m to parse source map from 'C:\Users\Dhanya\malabarbazaar\node_modules\dompurify\src\regexp.ts' file: [1m[31mError[39m[22m[1m: ENOENT: no such file or directory, open 'C:\Users\Dhanya\malabarbazaar\node_modules\dompurify\src\regexp.ts'[39m[22m

[1m[33mWARNING[39m[22m in [1m./node_modules/dompurify/dist/purify.es.mjs[39m[22m
[1mModule Warning (from ./node_modules/source-map-loader/dist/cjs.js):
[1m[31mFailed[39m[22m[1m to parse source map from 'C:\Users\Dhanya\malabarbazaar\node_modules\dompurify\src\tags.ts' file: [1m[31mError[39m[22m[1m: ENOENT: no such file or directory, open 'C:\Users\Dhanya\malabarbazaar\node_modules\dompurify\src\tags.ts'[39m[22m

[1m[33mWARNING[39m[22m in [1m./node_modules/dompurify/dist/purify.es.mjs[39m[22m
[1mModule Warning (from ./node_modules/source-map-loader/dist/cjs.js):
[1m[31mFailed[39m[22m[1m to parse source map from 'C:\Users\Dhanya\malabarbazaar\node_modules\dompurify\src\utils.ts' file: [1m[31mError[39m[22m[1m: ENOENT: no such file or directory, open 'C:\Users\Dhanya\malabarbazaar\node_modules\dompurify\src\utils.ts'[39m[22m

[1m[33mWARNING[39m[22m in [1m[eslint] 
src\App.js
  Line 35:7:  'Ecommerce' is assigned a value but never used  no-unused-vars

src\components\Login.js
  Line 32:23:  'setDeviceToken' is assigned a value but never used                no-unused-vars
  Line 47:5:   'speaking' is assigned a value but never used                      no-unused-vars
  Line 50:5:   'speak' is assigned a value but never used                         no-unused-vars
  Line 51:5:   'stopSpeaking' is assigned a value but never used                  no-unused-vars
  Line 255:9:  'handleRegistrationFileChange' is assigned a value but never used  no-unused-vars
  Line 263:9:  'toggleBusinessCategory' is assigned a value but never used        no-unused-vars
  Line 804:9:  'formTitle' is assigned a value but never used                     no-unused-vars
  Line 811:9:  'formDescription' is assigned a value but never used               no-unused-vars
  Line 821:9:  'handleVoiceFill' is assigned a value but never used               no-unused-vars

src\components\Navigation.js
  Line 92:9:  'cartItemCount' is assigned a value but never used  no-unused-vars

src\contexts\AppContext.js
  Line 1084:9:  'getSellerRating' is assigned a value but never used  no-unused-vars

src\index.js
  Line 1:17:  'useEffect' is defined but never used  no-unused-vars

src\modules\beautyai\beautyAiUpgradeUtils.js
  Line 1:1:  [1m[31mUnexpected[39m[22m[1m Unicode BOM (Byte Order Mark)  unicode-bom

src\modules\businessservices\BusinessServices.js
  Line 494:6:  React Hook useEffect has a missing dependency: 'refreshOrders'. Either include it or remove the dependency array  react-hooks/exhaustive-deps

src\modules\bustrainbooking\BusTrainBooking.js
  Line 17:7:   'BUS_OPERATORS' is assigned a value but never used                                                                                    no-unused-vars
  Line 119:6:  React Hook useMemo has unnecessary dependencies: 'fromLocation' and 'toLocation'. Either exclude them or remove the dependency array  react-hooks/exhaustive-deps

src\modules\classifieds\AdvancedReporting.js
  Line 5:10:  'selectedMetric' is assigned a value but never used     no-unused-vars
  Line 5:26:  'setSelectedMetric' is assigned a value but never used  no-unused-vars

src\modules\classifieds\AutoRelist.js
  Line 12:26:  '_setCurrentRelists' is assigned a value but never used  no-unused-vars
  Line 17:25:  '_setRelistHistory' is assigned a value but never used   no-unused-vars

src\modules\classifieds\BulkImport.js
  Line 13:10:  'isImporting' is assigned a value but never used  no-unused-vars

src\modules\classifieds\Classifieds.js
  Line 7:8:     'ResponseTimeBadge' is defined but never used                                                                                                                       no-unused-vars
  Line 471:36:  'setSelectedListingForRelist' is assigned a value but never used                                                                                                    no-unused-vars
  Line 738:6:   React Hook useEffect has missing dependencies: 'getClassifiedSavedSearches' and 'getRecentlyViewedClassifieds'. Either include them or remove the dependency array  react-hooks/exhaustive-deps
  Line 1288:6:  React Hook useEffect has a missing dependency: 'trackClassifiedListingView'. Either include it or remove the dependency array                                       react-hooks/exhaustive-deps

src\modules\classifieds\ImageLightbox.js
  Line 77:11:  Redundant alt attribute. Screen-readers already announce `img` tags as an image. You don’t need to use the words `image`, `photo,` or `picture` (or any specified custom words) in the alt prop  jsx-a11y/img-redundant-alt

src\modules\classifieds\QuickDuplicate.js
  Line 27:10:  'selectedTemplate' is assigned a value but never used  no-unused-vars

src\modules\classifieds\ScheduledPosting.js
  Line 17:10:  'selectedSchedule' is assigned a value but never used  no-unused-vars

src\modules\ecommerce\CartPage.js
  Line 8:3:     'formatCountdown' is defined but never used                                                                                                                                                                                                                           no-unused-vars
  Line 10:3:    'isValidGSTIN' is defined but never used                                                                                                                                                                                                                              no-unused-vars
  Line 18:3:    'requestNotificationPermission' is defined but never used                                                                                                                                                                                                             no-unused-vars
  Line 19:3:    'showServiceWorkerNotification' is defined but never used                                                                                                                                                                                                             no-unused-vars
  Line 118:5:   'paymentSecurityConfig' is assigned a value but never used                                                                                                                                                                                                            no-unused-vars
  Line 150:10:  'notificationPermission' is assigned a value but never used                                                                                                                                                                                                           no-unused-vars
  Line 150:34:  'setNotificationPermission' is assigned a value but never used                                                                                                                                                                                                        no-unused-vars
  Line 153:10:  'liveNow' is assigned a value but never used                                                                                                                                                                                                                          no-unused-vars
  Line 153:19:  'setLiveNow' is assigned a value but never used                                                                                                                                                                                                                       no-unused-vars
  Line 193:9:   The 'buildOrderPayload' function makes the dependencies of useCallback Hook (at line 557) change on every render. Move it inside the useCallback callback. Alternatively, wrap the definition of 'buildOrderPayload' in its own useCallback() Hook                    react-hooks/exhaustive-deps
  Line 230:9:   The 'validateAddressFormForSave' function makes the dependencies of useCallback Hook (at line 466) change on every render. Move it inside the useCallback callback. Alternatively, wrap the definition of 'validateAddressFormForSave' in its own useCallback() Hook  react-hooks/exhaustive-deps
  Line 258:9:   The 'validateDeliveryForm' function makes the dependencies of useCallback Hook (at line 557) change on every render. Move it inside the useCallback callback. Alternatively, wrap the definition of 'validateDeliveryForm' in its own useCallback() Hook              react-hooks/exhaustive-deps

src\modules\ecommerce\Ecommerce.js
  Line 446:9:   The 'visibleFavorites' logical expression could make the dependencies of useMemo Hook (at line 478) change on every render. To fix this, wrap the initialization of 'visibleFavorites' in its own useMemo() Hook  react-hooks/exhaustive-deps
  Line 446:9:   The 'visibleFavorites' logical expression could make the dependencies of useMemo Hook (at line 489) change on every render. To fix this, wrap the initialization of 'visibleFavorites' in its own useMemo() Hook  react-hooks/exhaustive-deps
  Line 635:5:   React Hook useMemo has a missing dependency: 'applyMarketplaceFilters'. Either include it or remove the dependency array                                                                                          react-hooks/exhaustive-deps
  Line 1179:6:  React Hook useEffect has missing dependencies: 'productForm.color' and 'productForm.model'. Either include them or remove the dependency array                                                                    react-hooks/exhaustive-deps
  Line 1350:9:  'getPreviewProduct' is assigned a value but never used                                                                                                                                                            no-unused-vars

src\modules\ecommerce\GlobeMartEntry.js
  Line 84:7:   'GLOBEMART_QUICK_STATS' is assigned a value but never used                                                                                                                                                                                                                  no-unused-vars
  Line 91:7:   'GLOBEMART_VALUE_PILLARS' is assigned a value but never used                                                                                                                                                                                                                no-unused-vars
  Line 320:6:  React Hook useEffect has a missing dependency: 'loggedInUser'. Either include it or remove the dependency array. If 'setFormState' needs the current value of 'loggedInUser', you can also switch to useReducer instead of useState and read 'loggedInUser' in the reducer  react-hooks/exhaustive-deps

src\modules\ecommerce\ProductCard.js
  Line 120:6:  React Hook useCallback has a missing dependency: 'product'. Either include it or remove the dependency array  react-hooks/exhaustive-deps

src\modules\ecommerce\VendorSettlement.js
  Line 7:20:  'currentUser' is assigned a value but never used  no-unused-vars

src\modules\fooddelivery\FoodDelivery.js
  Line 220:9:  'clearToasts' is assigned a value but never used                                                                                       no-unused-vars
  Line 280:6:  React Hook useEffect has missing dependencies: 'loadOrders' and 'loadRestaurants'. Either include them or remove the dependency array  react-hooks/exhaustive-deps
  Line 620:6:  React Hook useEffect has a missing dependency: 'fetchOrderTracking'. Either include it or remove the dependency array                  react-hooks/exhaustive-deps

src\modules\hotelbooking\HotelBooking.js
  Line 144:9:  'today' is assigned a value but never used  no-unused-vars

src\modules\hotelbooking\components\AdminHotelPanel.js
  Line 32:6:  React Hook useEffect has a missing dependency: 'loadAdminData'. Either include it or remove the dependency array  react-hooks/exhaustive-deps

src\modules\hotelbooking\components\HotelSearchFilters.js
  Line 1:17:  'useState' is defined but never used  no-unused-vars

src\modules\hotelbooking\components\MyBookings.js
  Line 64:6:  React Hook useEffect has a missing dependency: 'apiCall'. Either include it or remove the dependency array  react-hooks/exhaustive-deps

src\modules\hotelbooking\components\PartnerDashboard.js
  Line 233:6:  React Hook useEffect has a missing dependency: 'loadPartnerData'. Either include it or remove the dependency array  react-hooks/exhaustive-deps

src\modules\kidsstoryvideomaker\KidsStoryVideoMaker.js
  Line 270:14:  Unnecessary escape character: \.                                                                                                                                                                                                                                                           no-useless-escape
  Line 270:16:  Unnecessary escape character: \?                                                                                                                                                                                                                                                           no-useless-escape
  Line 270:18:  Unnecessary escape character: \!                                                                                                                                                                                                                                                           no-useless-escape
  Line 599:10:  'advancedOpen' is assigned a value but never used                                                                                                                                                                                                                                          no-unused-vars
  Line 893:6:   React Hook useEffect has a missing dependency: 'getEngineAvailability'. Either include it or remove the dependency array                                                                                                                                                                   react-hooks/exhaustive-deps
  Line 898:43:  The ref value 'requestControllersRef.current' will likely have changed by the time this effect cleanup function runs. If this ref points to a node rendered by React, copy 'requestControllersRef.current' to a variable inside the effect, and use that variable in the cleanup function  react-hooks/exhaustive-deps
  Line 1750:9:  'handleAddScene' is assigned a value but never used                                                                                                                                                                                                                                        no-unused-vars
  Line 2439:9:  'handleDownloadProjectJson' is assigned a value but never used                                                                                                                                                                                                                             no-unused-vars
  Line 2472:9:  'handleSaveProject' is assigned a value but never used                                                                                                                                                                                                                                     no-unused-vars
  Line 2536:9:  'handleToggleAdvanced' is assigned a value but never used                                                                                                                                                                                                                                  no-unused-vars

src\modules\kidsstoryvideomaker\storyStudioUtils.js
  Line 19:67:  [1m[31mUnexpected[39m[22m[1m control character(s) in regular expression: \x00  no-control-regex

src\modules\kidsstoryvideomaker\videoStudioApi.js
  Line 1:10:    'API_BASE_URL' is defined but never used                    no-unused-vars
  Line 73:9:    'hasExplicitApiTargets' is assigned a value but never used  no-unused-vars
  Line 215:17:  'code' is assigned a value but never used                   no-unused-vars

src\modules\kidsstoryvideomaker\videoStudioContracts.js
  Line 1:66:  [1m[31mUnexpected[39m[22m[1m control character(s) in regular expression: \x00  no-control-regex

src\modules\maps\DriverMap.js
  Line 142:6:  React Hook useEffect has a missing dependency: 'map'. Either include it or remove the dependency array  react-hooks/exhaustive-deps

src\modules\matrimonial\BlueTickBadge.js
  Line 64:6:  React Hook useEffect has a missing dependency: 'loadStatus'. Either include it or remove the dependency array  react-hooks/exhaustive-deps

src\modules\matrimonial\HoroscopeMatching.js
  Line 63:6:  React Hook useEffect has a missing dependency: 'loadMatching'. Either include it or remove the dependency array  react-hooks/exhaustive-deps

src\modules\matrimonial\Matrimonial.js
  Line 1:1:  [1m[31mUnexpected[39m[22m[1m Unicode BOM (Byte Order Mark)  unicode-bom

src\modules\messaging\ChatList.js
  Line 66:6:  React Hook useEffect has a missing dependency: 'getOtherUser'. Either include it or remove the dependency array  react-hooks/exhaustive-deps

src\modules\messaging\ChatWindow.js
  Line 75:10:  'showReadReceipts' is assigned a value but never used                                                                                                                        no-unused-vars
  Line 320:6:  React Hook useEffect has a missing dependency: 'getOtherParticipants'. Either include it or remove the dependency array                                                      react-hooks/exhaustive-deps
  Line 648:6:  React Hook useEffect has missing dependencies: 'resolveAutoLocationDurationMinutes' and 'startLiveLocationWithDuration'. Either include them or remove the dependency array  react-hooks/exhaustive-deps

src\modules\messaging\MessagingLegacy.js
  Line 11:8:    'AISmartReplies' is defined but never used                                                                               no-unused-vars
  Line 48:3:    'saveMessagingOutbox' is defined but never used                                                                          no-unused-vars
  Line 124:7:   'SUPERAPP_QUICK_ACTIONS' is assigned a value but never used                                                              no-unused-vars
  Line 311:10:  'messagingDiagnostics' is assigned a value but never used                                                                no-unused-vars
  Line 404:6:   React Hook useCallback has an unnecessary dependency: 'currentUserId'. Either exclude it or remove the dependency array  react-hooks/exhaustive-deps
  Line 760:9:   'activeNowCount' is assigned a value but never used                                                                      no-unused-vars
  Line 765:9:   'suggestedConversationCards' is assigned a value but never used                                                          no-unused-vars
  Line 773:9:   'recentSharedItems' is assigned a value but never used                                                                   no-unused-vars
  Line 793:9:   'aiAssistantHints' is assigned a value but never used                                                                    no-unused-vars
  Line 2606:9:  'handleSuperappQuickAction' is assigned a value but never used                                                           no-unused-vars

src\modules\nilaaihub\NilaAIHub.js
  Line 125:6:  React Hook useEffect has a missing dependency: 'fetchRecommendations'. Either include it or remove the dependency array  react-hooks/exhaustive-deps

src\modules\personaldiary\AIInsights.js
  Line 92:6:  React Hook useEffect has missing dependencies: 'fetchActionItems' and 'fetchSummary'. Either include them or remove the dependency array  react-hooks/exhaustive-deps

src\modules\personaldiary\AppLockSettings.js
  Line 5:3:  'verifyAppLockPin' is defined but never used  no-unused-vars

src\modules\personaldiary\AutosaveRecoveryModal.js
  Line 1:38:  'useCallback' is defined but never used  no-unused-vars

src\modules\personaldiary\Diary.js
  Line 17:3:    'getAppLockStatus' is defined but never used                                                                                               no-unused-vars
  Line 19:3:    'getEncryptionStatus' is defined but never used                                                                                            no-unused-vars
  Line 45:3:    'stripHtml' is defined but never used                                                                                                      no-unused-vars
  Line 93:27:   'setAnalyticsPeriod' is assigned a value but never used                                                                                    no-unused-vars
  Line 97:27:   'setAiSummaryPeriod' is assigned a value but never used                                                                                    no-unused-vars
  Line 121:6:   React Hook useEffect has missing dependencies: 'loadEntries' and 'setupNotifications'. Either include them or remove the dependency array  react-hooks/exhaustive-deps
  Line 240:48:  [1m[31mUnexpected[39m[22m[1m whitespace after spread operator                                                                                                rest-spread-spacing
  Line 255:6:   React Hook useEffect has a missing dependency: 'loadEntries'. Either include it or remove the dependency array                             react-hooks/exhaustive-deps

src\modules\personaldiary\DiaryAnalyticsDashboard.js
  Line 2:8:  'diaryService' is defined but never used  no-unused-vars

src\modules\personaldiary\DiaryEditor.js
  Line 6:3:     'getPlainTextLength' is defined but never used                                                                    no-unused-vars
  Line 97:9:    'quillRef' is assigned a value but never used                                                                     no-unused-vars
  Line 125:29:  React Hook useCallback received a function whose dependencies are unknown. Pass an inline function instead        react-hooks/exhaustive-deps
  Line 165:6:   React Hook useEffect has a missing dependency: 'handleSubmit'. Either include it or remove the dependency array   react-hooks/exhaustive-deps
  Line 258:6:   React Hook useEffect has a missing dependency: 'fetchVersions'. Either include it or remove the dependency array  react-hooks/exhaustive-deps

src\modules\personaldiary\DiffViewer.js
  Line 48:9:  'toggleLineExpanded' is assigned a value but never used  no-unused-vars

src\modules\personaldiary\TodaysSummary.js
  Line 5:10:  'stripHtml' is defined but never used       no-unused-vars
  Line 5:35:  'formatDateTime' is defined but never used  no-unused-vars

src\modules\personaldiary\TrashBin.js
  Line 15:6:  React Hook useEffect has a missing dependency: 'fetchTrash'. Either include it or remove the dependency array  react-hooks/exhaustive-deps

src\modules\personaldiary\VersionComments.js
  Line 1:38:  'useCallback' is defined but never used  no-unused-vars

src\modules\personaldiary\VersionHistory.js
  Line 14:6:  React Hook useEffect has a missing dependency: 'fetchVersions'. Either include it or remove the dependency array  react-hooks/exhaustive-deps

src\modules\personaldiary\VersionHistoryTimeline.js
  Line 1:27:  'useEffect' is defined but never used    no-unused-vars
  Line 1:38:  'useCallback' is defined but never used  no-unused-vars

src\modules\personaldiary\VersionTags.js
  Line 1:38:  'useCallback' is defined but never used  no-unused-vars

src\modules\quicklinks\QuickLinks.js
  Line 1:27:  'useCallback' is defined but never used  no-unused-vars

src\modules\realestate\RealEstate.js
  Line 29:3:    'formatDateTime' is defined but never used                                                                           no-unused-vars
  Line 120:27:  'setMaintenanceType' is assigned a value but never used                                                              no-unused-vars
  Line 764:9:   'handleMaintenanceSubmit' is assigned a value but never used                                                         no-unused-vars
  Line 821:9:   'buyerQuickStats' is assigned a value but never used                                                                 no-unused-vars
  Line 844:6:   React Hook useCallback has an unnecessary dependency: 'pushToast'. Either exclude it or remove the dependency array  react-hooks/exhaustive-deps

src\modules\ridesharing\RideSharing.js
  Line 68:11:  'user' is assigned a value but never used                                                                        no-unused-vars
  Line 78:10:  'bookingConfirmed' is assigned a value but never used                                                            no-unused-vars
  Line 80:10:  'rideHistory' is assigned a value but never used                                                                 no-unused-vars
  Line 84:23:  'setDriverRides' is assigned a value but never used                                                              no-unused-vars
  Line 85:26:  'setDriverEarnings' is assigned a value but never used                                                           no-unused-vars
  Line 94:6:   React Hook useEffect has a missing dependency: 'loadUserData'. Either include it or remove the dependency array  react-hooks/exhaustive-deps

src\modules\skilllearning\SkillLearningHub.js
  Line 33:7:    'TRENDING_SKILLS' is assigned a value but never used                                                                                    no-unused-vars
  Line 42:7:    'DAILY_TIPS' is assigned a value but never used                                                                                         no-unused-vars
  Line 98:10:   'watchHistory' is assigned a value but never used                                                                                       no-unused-vars
  Line 104:10:  'interviewForm' is assigned a value but never used                                                                                      no-unused-vars
  Line 104:25:  'setInterviewForm' is assigned a value but never used                                                                                   no-unused-vars
  Line 105:10:  'interviewFeedback' is assigned a value but never used                                                                                  no-unused-vars
  Line 105:29:  'setInterviewFeedback' is assigned a value but never used                                                                               no-unused-vars
  Line 107:10:  'recommendations' is assigned a value but never used                                                                                    no-unused-vars
  Line 107:27:  'setRecommendations' is assigned a value but never used                                                                                 no-unused-vars
  Line 111:10:  'skillWallet' is assigned a value but never used                                                                                        no-unused-vars
  Line 117:10:  'courseFiltersOpen' is assigned a value but never used                                                                                  no-unused-vars
  Line 117:29:  'setCourseFiltersOpen' is assigned a value but never used                                                                               no-unused-vars
  Line 209:6:   React Hook useEffect has missing dependencies: 'fetchCourses' and 'fetchDashboard'. Either include them or remove the dependency array  react-hooks/exhaustive-deps
  Line 213:6:   React Hook useEffect has a missing dependency: 'fetchCourses'. Either include it or remove the dependency array                         react-hooks/exhaustive-deps
  Line 223:6:   React Hook useEffect has a missing dependency: 'fetchQuestions'. Either include it or remove the dependency array                       react-hooks/exhaustive-deps
  Line 236:9:   'handleFilterChange' is assigned a value but never used                                                                                 no-unused-vars

src\modules\socialmedia\SocialMedia.js
  Line 15:3:  'getAvatarSrc' is defined but never used  no-unused-vars

src\modules\socialmedia\components\ForYouFeed.js
  Line 48:21:  'currentUser' is assigned a value but never used     no-unused-vars
  Line 52:23:  'setUserProfile' is assigned a value but never used  no-unused-vars

src\modules\socialmedia\components\Polls.js
  Line 6:11:  'currentUser' is assigned a value but never used  no-unused-vars

src\modules\voicefriend\VoiceFriend.js
  Line 272:10:  'editingPersona' is assigned a value but never used                                                                                                                                                             no-unused-vars
  Line 272:26:  'setEditingPersona' is assigned a value but never used                                                                                                                                                          no-unused-vars
  Line 331:6:   React Hook useMemo has a missing dependency: 'autoSendVoice'. Either include it or remove the dependency array                                                                                                  react-hooks/exhaustive-deps
  Line 394:67:  'applySessionSettings' was used before it was defined                                                                                                                                                           no-use-before-define
  Line 446:9:   The 'applySessionSettings' function makes the dependencies of useCallback Hook (at line 394) change on every render. To fix this, wrap the definition of 'applySessionSettings' in its own useCallback() Hook   react-hooks/exhaustive-deps
  Line 446:9:   The 'applySessionSettings' function makes the dependencies of useCallback Hook (at line 1077) change on every render. To fix this, wrap the definition of 'applySessionSettings' in its own useCallback() Hook  react-hooks/exhaustive-deps
  Line 609:6:   React Hook useCallback has a missing dependency: 'buildRequestHeaders'. Either include it or remove the dependency array                                                                                        react-hooks/exhaustive-deps
  Line 765:6:   React Hook useCallback has missing dependencies: 'buildRequestHeaders' and 'voice'. Either include them or remove the dependency array                                                                          react-hooks/exhaustive-deps
  Line 1140:6:  React Hook useCallback has a missing dependency: 'buildRequestHeaders'. Either include it or remove the dependency array                                                                                        react-hooks/exhaustive-deps

src\pwaConfig.js
  Line 134:1:  Assign object to a variable before exporting as module default  import/no-anonymous-default-export

src\services\demoMessagingData.js
  Line 499:1:  Assign object to a variable before exporting as module default  import/no-anonymous-default-export

src\services\diaryService.js
  Line 1103:1:  Assign object to a variable before exporting as module default  import/no-anonymous-default-export

src\services\foodDeliveryService.js
  Line 329:1:  Assign object to a variable before exporting as module default  import/no-anonymous-default-export

src\services\notificationService.js
  Line 107:7:  'onNotificationClick' is assigned a value but never used  no-unused-vars

src\services\rideSharingService.js
  Line 14:1:  Assign object to a variable before exporting as module default  import/no-anonymous-default-export

src\utils\xssProtection.js
  Line 52:31:  Script URL is a form of eval  no-script-url

[39m[22m

[1m[31mERROR[39m[22m in [1m[eslint] 
src\modules\astrology\AstrologyHome.js
  Line 342:417:  'astrologyService' is not defined         no-undef
  Line 355:137:  'DEFAULT_BIRTH_TIME_ZONE' is not defined  no-undef

Search for the keywords to learn more about each [1m[31merror[39m[22m[1m.[39m[22m

webpack compiled with [1m[31m1 error[39m[22m and [1m[33m6 warnings[39m[22m
Failed to compile.

[eslint] 
src\modules\astrology\AstrologyHome.js
  Line 342:417:  'astrologyService' is not defined         no-undef
  Line 355:137:  'DEFAULT_BIRTH_TIME_ZONE' is not defined  no-undef

Search for the keywords to learn more about each error.
[1m[33mWARNING[39m[22m in [1m./node_modules/dompurify/dist/purify.es.mjs[39m[22m
[1mModule Warning (from ./node_modules/source-map-loader/dist/cjs.js):
[1m[31mFailed[39m[22m[1m to parse source map from 'C:\Users\Dhanya\malabarbazaar\node_modules\dompurify\src\attrs.ts' file: [1m[31mError[39m[22m[1m: ENOENT: no such file or directory, open 'C:\Users\Dhanya\malabarbazaar\node_modules\dompurify\src\attrs.ts'[39m[22m

[1m[33mWARNING[39m[22m in [1m./node_modules/dompurify/dist/purify.es.mjs[39m[22m
[1mModule Warning (from ./node_modules/source-map-loader/dist/cjs.js):
[1m[31mFailed[39m[22m[1m to parse source map from 'C:\Users\Dhanya\malabarbazaar\node_modules\dompurify\src\purify.ts' file: [1m[31mError[39m[22m[1m: ENOENT: no such file or directory, open 'C:\Users\Dhanya\malabarbazaar\node_modules\dompurify\src\purify.ts'[39m[22m

[1m[33mWARNING[39m[22m in [1m./node_modules/dompurify/dist/purify.es.mjs[39m[22m
[1mModule Warning (from ./node_modules/source-map-loader/dist/cjs.js):
[1m[31mFailed[39m[22m[1m to parse source map from 'C:\Users\Dhanya\malabarbazaar\node_modules\dompurify\src\regexp.ts' file: [1m[31mError[39m[22m[1m: ENOENT: no such file or directory, open 'C:\Users\Dhanya\malabarbazaar\node_modules\dompurify\src\regexp.ts'[39m[22m

[1m[33mWARNING[39m[22m in [1m./node_modules/dompurify/dist/purify.es.mjs[39m[22m
[1mModule Warning (from ./node_modules/source-map-loader/dist/cjs.js):
[1m[31mFailed[39m[22m[1m to parse source map from 'C:\Users\Dhanya\malabarbazaar\node_modules\dompurify\src\tags.ts' file: [1m[31mError[39m[22m[1m: ENOENT: no such file or directory, open 'C:\Users\Dhanya\malabarbazaar\node_modules\dompurify\src\tags.ts'[39m[22m

[1m[33mWARNING[39m[22m in [1m./node_modules/dompurify/dist/purify.es.mjs[39m[22m
[1mModule Warning (from ./node_modules/source-map-loader/dist/cjs.js):
[1m[31mFailed[39m[22m[1m to parse source map from 'C:\Users\Dhanya\malabarbazaar\node_modules\dompurify\src\utils.ts' file: [1m[31mError[39m[22m[1m: ENOENT: no such file or directory, open 'C:\Users\Dhanya\malabarbazaar\node_modules\dompurify\src\utils.ts'[39m[22m

[1m[33mWARNING[39m[22m in [1m[eslint] 
src\App.js
  Line 35:7:  'Ecommerce' is assigned a value but never used  no-unused-vars

src\components\Login.js
  Line 32:23:  'setDeviceToken' is assigned a value but never used                no-unused-vars
  Line 47:5:   'speaking' is assigned a value but never used                      no-unused-vars
  Line 50:5:   'speak' is assigned a value but never used                         no-unused-vars
  Line 51:5:   'stopSpeaking' is assigned a value but never used                  no-unused-vars
  Line 255:9:  'handleRegistrationFileChange' is assigned a value but never used  no-unused-vars
  Line 263:9:  'toggleBusinessCategory' is assigned a value but never used        no-unused-vars
  Line 804:9:  'formTitle' is assigned a value but never used                     no-unused-vars
  Line 811:9:  'formDescription' is assigned a value but never used               no-unused-vars
  Line 821:9:  'handleVoiceFill' is assigned a value but never used               no-unused-vars

src\components\Navigation.js
  Line 92:9:  'cartItemCount' is assigned a value but never used  no-unused-vars

src\contexts\AppContext.js
  Line 1084:9:  'getSellerRating' is assigned a value but never used  no-unused-vars

src\index.js
  Line 1:17:  'useEffect' is defined but never used  no-unused-vars

src\modules\beautyai\beautyAiUpgradeUtils.js
  Line 1:1:  [1m[31mUnexpected[39m[22m[1m Unicode BOM (Byte Order Mark)  unicode-bom

src\modules\businessservices\BusinessServices.js
  Line 494:6:  React Hook useEffect has a missing dependency: 'refreshOrders'. Either include it or remove the dependency array  react-hooks/exhaustive-deps

src\modules\bustrainbooking\BusTrainBooking.js
  Line 17:7:   'BUS_OPERATORS' is assigned a value but never used                                                                                    no-unused-vars
  Line 119:6:  React Hook useMemo has unnecessary dependencies: 'fromLocation' and 'toLocation'. Either exclude them or remove the dependency array  react-hooks/exhaustive-deps

src\modules\classifieds\AdvancedReporting.js
  Line 5:10:  'selectedMetric' is assigned a value but never used     no-unused-vars
  Line 5:26:  'setSelectedMetric' is assigned a value but never used  no-unused-vars

src\modules\classifieds\AutoRelist.js
  Line 12:26:  '_setCurrentRelists' is assigned a value but never used  no-unused-vars
  Line 17:25:  '_setRelistHistory' is assigned a value but never used   no-unused-vars

src\modules\classifieds\BulkImport.js
  Line 13:10:  'isImporting' is assigned a value but never used  no-unused-vars

src\modules\classifieds\Classifieds.js
  Line 7:8:     'ResponseTimeBadge' is defined but never used                                                                                                                       no-unused-vars
  Line 471:36:  'setSelectedListingForRelist' is assigned a value but never used                                                                                                    no-unused-vars
  Line 738:6:   React Hook useEffect has missing dependencies: 'getClassifiedSavedSearches' and 'getRecentlyViewedClassifieds'. Either include them or remove the dependency array  react-hooks/exhaustive-deps
  Line 1288:6:  React Hook useEffect has a missing dependency: 'trackClassifiedListingView'. Either include it or remove the dependency array                                       react-hooks/exhaustive-deps

src\modules\classifieds\ImageLightbox.js
  Line 77:11:  Redundant alt attribute. Screen-readers already announce `img` tags as an image. You don’t need to use the words `image`, `photo,` or `picture` (or any specified custom words) in the alt prop  jsx-a11y/img-redundant-alt

src\modules\classifieds\QuickDuplicate.js
  Line 27:10:  'selectedTemplate' is assigned a value but never used  no-unused-vars

src\modules\classifieds\ScheduledPosting.js
  Line 17:10:  'selectedSchedule' is assigned a value but never used  no-unused-vars

src\modules\ecommerce\CartPage.js
  Line 8:3:     'formatCountdown' is defined but never used                                                                                                                                                                                                                           no-unused-vars
  Line 10:3:    'isValidGSTIN' is defined but never used                                                                                                                                                                                                                              no-unused-vars
  Line 18:3:    'requestNotificationPermission' is defined but never used                                                                                                                                                                                                             no-unused-vars
  Line 19:3:    'showServiceWorkerNotification' is defined but never used                                                                                                                                                                                                             no-unused-vars
  Line 118:5:   'paymentSecurityConfig' is assigned a value but never used                                                                                                                                                                                                            no-unused-vars
  Line 150:10:  'notificationPermission' is assigned a value but never used                                                                                                                                                                                                           no-unused-vars
  Line 150:34:  'setNotificationPermission' is assigned a value but never used                                                                                                                                                                                                        no-unused-vars
  Line 153:10:  'liveNow' is assigned a value but never used                                                                                                                                                                                                                          no-unused-vars
  Line 153:19:  'setLiveNow' is assigned a value but never used                                                                                                                                                                                                                       no-unused-vars
  Line 193:9:   The 'buildOrderPayload' function makes the dependencies of useCallback Hook (at line 557) change on every render. Move it inside the useCallback callback. Alternatively, wrap the definition of 'buildOrderPayload' in its own useCallback() Hook                    react-hooks/exhaustive-deps
  Line 230:9:   The 'validateAddressFormForSave' function makes the dependencies of useCallback Hook (at line 466) change on every render. Move it inside the useCallback callback. Alternatively, wrap the definition of 'validateAddressFormForSave' in its own useCallback() Hook  react-hooks/exhaustive-deps
  Line 258:9:   The 'validateDeliveryForm' function makes the dependencies of useCallback Hook (at line 557) change on every render. Move it inside the useCallback callback. Alternatively, wrap the definition of 'validateDeliveryForm' in its own useCallback() Hook              react-hooks/exhaustive-deps

src\modules\ecommerce\Ecommerce.js
  Line 446:9:   The 'visibleFavorites' logical expression could make the dependencies of useMemo Hook (at line 478) change on every render. To fix this, wrap the initialization of 'visibleFavorites' in its own useMemo() Hook  react-hooks/exhaustive-deps
  Line 446:9:   The 'visibleFavorites' logical expression could make the dependencies of useMemo Hook (at line 489) change on every render. To fix this, wrap the initialization of 'visibleFavorites' in its own useMemo() Hook  react-hooks/exhaustive-deps
  Line 635:5:   React Hook useMemo has a missing dependency: 'applyMarketplaceFilters'. Either include it or remove the dependency array                                                                                          react-hooks/exhaustive-deps
  Line 1179:6:  React Hook useEffect has missing dependencies: 'productForm.color' and 'productForm.model'. Either include them or remove the dependency array                                                                    react-hooks/exhaustive-deps
  Line 1350:9:  'getPreviewProduct' is assigned a value but never used                                                                                                                                                            no-unused-vars

src\modules\ecommerce\GlobeMartEntry.js
  Line 84:7:   'GLOBEMART_QUICK_STATS' is assigned a value but never used                                                                                                                                                                                                                  no-unused-vars
  Line 91:7:   'GLOBEMART_VALUE_PILLARS' is assigned a value but never used                                                                                                                                                                                                                no-unused-vars
  Line 320:6:  React Hook useEffect has a missing dependency: 'loggedInUser'. Either include it or remove the dependency array. If 'setFormState' needs the current value of 'loggedInUser', you can also switch to useReducer instead of useState and read 'loggedInUser' in the reducer  react-hooks/exhaustive-deps

src\modules\ecommerce\ProductCard.js
  Line 120:6:  React Hook useCallback has a missing dependency: 'product'. Either include it or remove the dependency array  react-hooks/exhaustive-deps

src\modules\ecommerce\VendorSettlement.js
  Line 7:20:  'currentUser' is assigned a value but never used  no-unused-vars

src\modules\fooddelivery\FoodDelivery.js
  Line 220:9:  'clearToasts' is assigned a value but never used                                                                                       no-unused-vars
  Line 280:6:  React Hook useEffect has missing dependencies: 'loadOrders' and 'loadRestaurants'. Either include them or remove the dependency array  react-hooks/exhaustive-deps
  Line 620:6:  React Hook useEffect has a missing dependency: 'fetchOrderTracking'. Either include it or remove the dependency array                  react-hooks/exhaustive-deps

src\modules\hotelbooking\HotelBooking.js
  Line 144:9:  'today' is assigned a value but never used  no-unused-vars

src\modules\hotelbooking\components\AdminHotelPanel.js
  Line 32:6:  React Hook useEffect has a missing dependency: 'loadAdminData'. Either include it or remove the dependency array  react-hooks/exhaustive-deps

src\modules\hotelbooking\components\HotelSearchFilters.js
  Line 1:17:  'useState' is defined but never used  no-unused-vars

src\modules\hotelbooking\components\MyBookings.js
  Line 64:6:  React Hook useEffect has a missing dependency: 'apiCall'. Either include it or remove the dependency array  react-hooks/exhaustive-deps

src\modules\hotelbooking\components\PartnerDashboard.js
  Line 233:6:  React Hook useEffect has a missing dependency: 'loadPartnerData'. Either include it or remove the dependency array  react-hooks/exhaustive-deps

src\modules\kidsstoryvideomaker\KidsStoryVideoMaker.js
  Line 270:14:  Unnecessary escape character: \.                                                                                                                                                                                                                                                           no-useless-escape
  Line 270:16:  Unnecessary escape character: \?                                                                                                                                                                                                                                                           no-useless-escape
  Line 270:18:  Unnecessary escape character: \!                                                                                                                                                                                                                                                           no-useless-escape
  Line 599:10:  'advancedOpen' is assigned a value but never used                                                                                                                                                                                                                                          no-unused-vars
  Line 893:6:   React Hook useEffect has a missing dependency: 'getEngineAvailability'. Either include it or remove the dependency array                                                                                                                                                                   react-hooks/exhaustive-deps
  Line 898:43:  The ref value 'requestControllersRef.current' will likely have changed by the time this effect cleanup function runs. If this ref points to a node rendered by React, copy 'requestControllersRef.current' to a variable inside the effect, and use that variable in the cleanup function  react-hooks/exhaustive-deps
  Line 1750:9:  'handleAddScene' is assigned a value but never used                                                                                                                                                                                                                                        no-unused-vars
  Line 2439:9:  'handleDownloadProjectJson' is assigned a value but never used                                                                                                                                                                                                                             no-unused-vars
  Line 2472:9:  'handleSaveProject' is assigned a value but never used                                                                                                                                                                                                                                     no-unused-vars
  Line 2536:9:  'handleToggleAdvanced' is assigned a value but never used                                                                                                                                                                                                                                  no-unused-vars

src\modules\kidsstoryvideomaker\storyStudioUtils.js
  Line 19:67:  [1m[31mUnexpected[39m[22m[1m control character(s) in regular expression: \x00  no-control-regex

src\modules\kidsstoryvideomaker\videoStudioApi.js
  Line 1:10:    'API_BASE_URL' is defined but never used                    no-unused-vars
  Line 73:9:    'hasExplicitApiTargets' is assigned a value but never used  no-unused-vars
  Line 215:17:  'code' is assigned a value but never used                   no-unused-vars

src\modules\kidsstoryvideomaker\videoStudioContracts.js
  Line 1:66:  [1m[31mUnexpected[39m[22m[1m control character(s) in regular expression: \x00  no-control-regex

src\modules\maps\DriverMap.js
  Line 142:6:  React Hook useEffect has a missing dependency: 'map'. Either include it or remove the dependency array  react-hooks/exhaustive-deps

src\modules\matrimonial\BlueTickBadge.js
  Line 64:6:  React Hook useEffect has a missing dependency: 'loadStatus'. Either include it or remove the dependency array  react-hooks/exhaustive-deps

src\modules\matrimonial\HoroscopeMatching.js
  Line 63:6:  React Hook useEffect has a missing dependency: 'loadMatching'. Either include it or remove the dependency array  react-hooks/exhaustive-deps

src\modules\matrimonial\Matrimonial.js
  Line 1:1:  [1m[31mUnexpected[39m[22m[1m Unicode BOM (Byte Order Mark)  unicode-bom

src\modules\messaging\ChatList.js
  Line 66:6:  React Hook useEffect has a missing dependency: 'getOtherUser'. Either include it or remove the dependency array  react-hooks/exhaustive-deps

src\modules\messaging\ChatWindow.js
  Line 75:10:  'showReadReceipts' is assigned a value but never used                                                                                                                        no-unused-vars
  Line 320:6:  React Hook useEffect has a missing dependency: 'getOtherParticipants'. Either include it or remove the dependency array                                                      react-hooks/exhaustive-deps
  Line 648:6:  React Hook useEffect has missing dependencies: 'resolveAutoLocationDurationMinutes' and 'startLiveLocationWithDuration'. Either include them or remove the dependency array  react-hooks/exhaustive-deps

src\modules\messaging\MessagingLegacy.js
  Line 11:8:    'AISmartReplies' is defined but never used                                                                               no-unused-vars
  Line 48:3:    'saveMessagingOutbox' is defined but never used                                                                          no-unused-vars
  Line 124:7:   'SUPERAPP_QUICK_ACTIONS' is assigned a value but never used                                                              no-unused-vars
  Line 311:10:  'messagingDiagnostics' is assigned a value but never used                                                                no-unused-vars
  Line 404:6:   React Hook useCallback has an unnecessary dependency: 'currentUserId'. Either exclude it or remove the dependency array  react-hooks/exhaustive-deps
  Line 760:9:   'activeNowCount' is assigned a value but never used                                                                      no-unused-vars
  Line 765:9:   'suggestedConversationCards' is assigned a value but never used                                                          no-unused-vars
  Line 773:9:   'recentSharedItems' is assigned a value but never used                                                                   no-unused-vars
  Line 793:9:   'aiAssistantHints' is assigned a value but never used                                                                    no-unused-vars
  Line 2606:9:  'handleSuperappQuickAction' is assigned a value but never used                                                           no-unused-vars

src\modules\nilaaihub\NilaAIHub.js
  Line 125:6:  React Hook useEffect has a missing dependency: 'fetchRecommendations'. Either include it or remove the dependency array  react-hooks/exhaustive-deps

src\modules\personaldiary\AIInsights.js
  Line 92:6:  React Hook useEffect has missing dependencies: 'fetchActionItems' and 'fetchSummary'. Either include them or remove the dependency array  react-hooks/exhaustive-deps

src\modules\personaldiary\AppLockSettings.js
  Line 5:3:  'verifyAppLockPin' is defined but never used  no-unused-vars

src\modules\personaldiary\AutosaveRecoveryModal.js
  Line 1:38:  'useCallback' is defined but never used  no-unused-vars

src\modules\personaldiary\Diary.js
  Line 17:3:    'getAppLockStatus' is defined but never used                                                                                               no-unused-vars
  Line 19:3:    'getEncryptionStatus' is defined but never used                                                                                            no-unused-vars
  Line 45:3:    'stripHtml' is defined but never used                                                                                                      no-unused-vars
  Line 93:27:   'setAnalyticsPeriod' is assigned a value but never used                                                                                    no-unused-vars
  Line 97:27:   'setAiSummaryPeriod' is assigned a value but never used                                                                                    no-unused-vars
  Line 121:6:   React Hook useEffect has missing dependencies: 'loadEntries' and 'setupNotifications'. Either include them or remove the dependency array  react-hooks/exhaustive-deps
  Line 240:48:  [1m[31mUnexpected[39m[22m[1m whitespace after spread operator                                                                                                rest-spread-spacing
  Line 255:6:   React Hook useEffect has a missing dependency: 'loadEntries'. Either include it or remove the dependency array                             react-hooks/exhaustive-deps

src\modules\personaldiary\DiaryAnalyticsDashboard.js
  Line 2:8:  'diaryService' is defined but never used  no-unused-vars

src\modules\personaldiary\DiaryEditor.js
  Line 6:3:     'getPlainTextLength' is defined but never used                                                                    no-unused-vars
  Line 97:9:    'quillRef' is assigned a value but never used                                                                     no-unused-vars
  Line 125:29:  React Hook useCallback received a function whose dependencies are unknown. Pass an inline function instead        react-hooks/exhaustive-deps
  Line 165:6:   React Hook useEffect has a missing dependency: 'handleSubmit'. Either include it or remove the dependency array   react-hooks/exhaustive-deps
  Line 258:6:   React Hook useEffect has a missing dependency: 'fetchVersions'. Either include it or remove the dependency array  react-hooks/exhaustive-deps

src\modules\personaldiary\DiffViewer.js
  Line 48:9:  'toggleLineExpanded' is assigned a value but never used  no-unused-vars

src\modules\personaldiary\TodaysSummary.js
  Line 5:10:  'stripHtml' is defined but never used       no-unused-vars
  Line 5:35:  'formatDateTime' is defined but never used  no-unused-vars

src\modules\personaldiary\TrashBin.js
  Line 15:6:  React Hook useEffect has a missing dependency: 'fetchTrash'. Either include it or remove the dependency array  react-hooks/exhaustive-deps

src\modules\personaldiary\VersionComments.js
  Line 1:38:  'useCallback' is defined but never used  no-unused-vars

src\modules\personaldiary\VersionHistory.js
  Line 14:6:  React Hook useEffect has a missing dependency: 'fetchVersions'. Either include it or remove the dependency array  react-hooks/exhaustive-deps

src\modules\personaldiary\VersionHistoryTimeline.js
  Line 1:27:  'useEffect' is defined but never used    no-unused-vars
  Line 1:38:  'useCallback' is defined but never used  no-unused-vars

src\modules\personaldiary\VersionTags.js
  Line 1:38:  'useCallback' is defined but never used  no-unused-vars

src\modules\quicklinks\QuickLinks.js
  Line 1:27:  'useCallback' is defined but never used  no-unused-vars

src\modules\realestate\RealEstate.js
  Line 29:3:    'formatDateTime' is defined but never used                                                                           no-unused-vars
  Line 120:27:  'setMaintenanceType' is assigned a value but never used                                                              no-unused-vars
  Line 764:9:   'handleMaintenanceSubmit' is assigned a value but never used                                                         no-unused-vars
  Line 821:9:   'buyerQuickStats' is assigned a value but never used                                                                 no-unused-vars
  Line 844:6:   React Hook useCallback has an unnecessary dependency: 'pushToast'. Either exclude it or remove the dependency array  react-hooks/exhaustive-deps

src\modules\ridesharing\RideSharing.js
  Line 68:11:  'user' is assigned a value but never used                                                                        no-unused-vars
  Line 78:10:  'bookingConfirmed' is assigned a value but never used                                                            no-unused-vars
  Line 80:10:  'rideHistory' is assigned a value but never used                                                                 no-unused-vars
  Line 84:23:  'setDriverRides' is assigned a value but never used                                                              no-unused-vars
  Line 85:26:  'setDriverEarnings' is assigned a value but never used                                                           no-unused-vars
  Line 94:6:   React Hook useEffect has a missing dependency: 'loadUserData'. Either include it or remove the dependency array  react-hooks/exhaustive-deps

src\modules\skilllearning\SkillLearningHub.js
  Line 33:7:    'TRENDING_SKILLS' is assigned a value but never used                                                                                    no-unused-vars
  Line 42:7:    'DAILY_TIPS' is assigned a value but never used                                                                                         no-unused-vars
  Line 98:10:   'watchHistory' is assigned a value but never used                                                                                       no-unused-vars
  Line 104:10:  'interviewForm' is assigned a value but never used                                                                                      no-unused-vars
  Line 104:25:  'setInterviewForm' is assigned a value but never used                                                                                   no-unused-vars
  Line 105:10:  'interviewFeedback' is assigned a value but never used                                                                                  no-unused-vars
  Line 105:29:  'setInterviewFeedback' is assigned a value but never used                                                                               no-unused-vars
  Line 107:10:  'recommendations' is assigned a value but never used                                                                                    no-unused-vars
  Line 107:27:  'setRecommendations' is assigned a value but never used                                                                                 no-unused-vars
  Line 111:10:  'skillWallet' is assigned a value but never used                                                                                        no-unused-vars
  Line 117:10:  'courseFiltersOpen' is assigned a value but never used                                                                                  no-unused-vars
  Line 117:29:  'setCourseFiltersOpen' is assigned a value but never used                                                                               no-unused-vars
  Line 209:6:   React Hook useEffect has missing dependencies: 'fetchCourses' and 'fetchDashboard'. Either include them or remove the dependency array  react-hooks/exhaustive-deps
  Line 213:6:   React Hook useEffect has a missing dependency: 'fetchCourses'. Either include it or remove the dependency array                         react-hooks/exhaustive-deps
  Line 223:6:   React Hook useEffect has a missing dependency: 'fetchQuestions'. Either include it or remove the dependency array                       react-hooks/exhaustive-deps
  Line 236:9:   'handleFilterChange' is assigned a value but never used                                                                                 no-unused-vars

src\modules\socialmedia\SocialMedia.js
  Line 15:3:  'getAvatarSrc' is defined but never used  no-unused-vars

src\modules\socialmedia\components\ForYouFeed.js
  Line 48:21:  'currentUser' is assigned a value but never used     no-unused-vars
  Line 52:23:  'setUserProfile' is assigned a value but never used  no-unused-vars

src\modules\socialmedia\components\Polls.js
  Line 6:11:  'currentUser' is assigned a value but never used  no-unused-vars

src\modules\voicefriend\VoiceFriend.js
  Line 272:10:  'editingPersona' is assigned a value but never used                                                                                                                                                             no-unused-vars
  Line 272:26:  'setEditingPersona' is assigned a value but never used                                                                                                                                                          no-unused-vars
  Line 331:6:   React Hook useMemo has a missing dependency: 'autoSendVoice'. Either include it or remove the dependency array                                                                                                  react-hooks/exhaustive-deps
  Line 394:67:  'applySessionSettings' was used before it was defined                                                                                                                                                           no-use-before-define
  Line 446:9:   The 'applySessionSettings' function makes the dependencies of useCallback Hook (at line 394) change on every render. To fix this, wrap the definition of 'applySessionSettings' in its own useCallback() Hook   react-hooks/exhaustive-deps
  Line 446:9:   The 'applySessionSettings' function makes the dependencies of useCallback Hook (at line 1077) change on every render. To fix this, wrap the definition of 'applySessionSettings' in its own useCallback() Hook  react-hooks/exhaustive-deps
  Line 609:6:   React Hook useCallback has a missing dependency: 'buildRequestHeaders'. Either include it or remove the dependency array                                                                                        react-hooks/exhaustive-deps
  Line 765:6:   React Hook useCallback has missing dependencies: 'buildRequestHeaders' and 'voice'. Either include them or remove the dependency array                                                                          react-hooks/exhaustive-deps
  Line 1140:6:  React Hook useCallback has a missing dependency: 'buildRequestHeaders'. Either include it or remove the dependency array                                                                                        react-hooks/exhaustive-deps

src\pwaConfig.js
  Line 134:1:  Assign object to a variable before exporting as module default  import/no-anonymous-default-export

src\services\demoMessagingData.js
  Line 499:1:  Assign object to a variable before exporting as module default  import/no-anonymous-default-export

src\services\diaryService.js
  Line 1103:1:  Assign object to a variable before exporting as module default  import/no-anonymous-default-export

src\services\foodDeliveryService.js
  Line 329:1:  Assign object to a variable before exporting as module default  import/no-anonymous-default-export

src\services\notificationService.js
  Line 107:7:  'onNotificationClick' is assigned a value but never used  no-unused-vars

src\services\rideSharingService.js
  Line 14:1:  Assign object to a variable before exporting as module default  import/no-anonymous-default-export

src\utils\xssProtection.js
  Line 52:31:  Script URL is a form of eval  no-script-url

[39m[22m

[1m[31mERROR[39m[22m in [1m[eslint] 
src\modules\astrology\AstrologyHome.js
  Line 342:417:  'astrologyService' is not defined         no-undef
  Line 355:137:  'DEFAULT_BIRTH_TIME_ZONE' is not defined  no-undef

Search for the keywords to learn more about each [1m[31merror[39m[22m[1m.[39m[22m

webpack compiled with [1m[31m1 error[39m[22m and [1m[33m6 warnings[39m[22m
Failed to compile.

[eslint] 
src\modules\astrology\AstrologyHome.js
  Line 342:417:  'astrologyService' is not defined         no-undef
  Line 355:137:  'DEFAULT_BIRTH_TIME_ZONE' is not defined  no-undef

Search for the keywords to learn more about each error.
[1m[33mWARNING[39m[22m in [1m./node_modules/dompurify/dist/purify.es.mjs[39m[22m
[1mModule Warning (from ./node_modules/source-map-loader/dist/cjs.js):
[1m[31mFailed[39m[22m[1m to parse source map from 'C:\Users\Dhanya\malabarbazaar\node_modules\dompurify\src\attrs.ts' file: [1m[31mError[39m[22m[1m: ENOENT: no such file or directory, open 'C:\Users\Dhanya\malabarbazaar\node_modules\dompurify\src\attrs.ts'[39m[22m

[1m[33mWARNING[39m[22m in [1m./node_modules/dompurify/dist/purify.es.mjs[39m[22m
[1mModule Warning (from ./node_modules/source-map-loader/dist/cjs.js):
[1m[31mFailed[39m[22m[1m to parse source map from 'C:\Users\Dhanya\malabarbazaar\node_modules\dompurify\src\purify.ts' file: [1m[31mError[39m[22m[1m: ENOENT: no such file or directory, open 'C:\Users\Dhanya\malabarbazaar\node_modules\dompurify\src\purify.ts'[39m[22m

[1m[33mWARNING[39m[22m in [1m./node_modules/dompurify/dist/purify.es.mjs[39m[22m
[1mModule Warning (from ./node_modules/source-map-loader/dist/cjs.js):
[1m[31mFailed[39m[22m[1m to parse source map from 'C:\Users\Dhanya\malabarbazaar\node_modules\dompurify\src\regexp.ts' file: [1m[31mError[39m[22m[1m: ENOENT: no such file or directory, open 'C:\Users\Dhanya\malabarbazaar\node_modules\dompurify\src\regexp.ts'[39m[22m

[1m[33mWARNING[39m[22m in [1m./node_modules/dompurify/dist/purify.es.mjs[39m[22m
[1mModule Warning (from ./node_modules/source-map-loader/dist/cjs.js):
[1m[31mFailed[39m[22m[1m to parse source map from 'C:\Users\Dhanya\malabarbazaar\node_modules\dompurify\src\tags.ts' file: [1m[31mError[39m[22m[1m: ENOENT: no such file or directory, open 'C:\Users\Dhanya\malabarbazaar\node_modules\dompurify\src\tags.ts'[39m[22m

[1m[33mWARNING[39m[22m in [1m./node_modules/dompurify/dist/purify.es.mjs[39m[22m
[1mModule Warning (from ./node_modules/source-map-loader/dist/cjs.js):
[1m[31mFailed[39m[22m[1m to parse source map from 'C:\Users\Dhanya\malabarbazaar\node_modules\dompurify\src\utils.ts' file: [1m[31mError[39m[22m[1m: ENOENT: no such file or directory, open 'C:\Users\Dhanya\malabarbazaar\node_modules\dompurify\src\utils.ts'[39m[22m

[1m[33mWARNING[39m[22m in [1m[eslint] 
src\App.js
  Line 35:7:  'Ecommerce' is assigned a value but never used  no-unused-vars

src\components\Login.js
  Line 32:23:  'setDeviceToken' is assigned a value but never used                no-unused-vars
  Line 47:5:   'speaking' is assigned a value but never used                      no-unused-vars
  Line 50:5:   'speak' is assigned a value but never used                         no-unused-vars
  Line 51:5:   'stopSpeaking' is assigned a value but never used                  no-unused-vars
  Line 255:9:  'handleRegistrationFileChange' is assigned a value but never used  no-unused-vars
  Line 263:9:  'toggleBusinessCategory' is assigned a value but never used        no-unused-vars
  Line 804:9:  'formTitle' is assigned a value but never used                     no-unused-vars
  Line 811:9:  'formDescription' is assigned a value but never used               no-unused-vars
  Line 821:9:  'handleVoiceFill' is assigned a value but never used               no-unused-vars

src\components\Navigation.js
  Line 92:9:  'cartItemCount' is assigned a value but never used  no-unused-vars

src\contexts\AppContext.js
  Line 1084:9:  'getSellerRating' is assigned a value but never used  no-unused-vars

src\index.js
  Line 1:17:  'useEffect' is defined but never used  no-unused-vars

src\modules\beautyai\beautyAiUpgradeUtils.js
  Line 1:1:  [1m[31mUnexpected[39m[22m[1m Unicode BOM (Byte Order Mark)  unicode-bom

src\modules\businessservices\BusinessServices.js
  Line 494:6:  React Hook useEffect has a missing dependency: 'refreshOrders'. Either include it or remove the dependency array  react-hooks/exhaustive-deps

src\modules\bustrainbooking\BusTrainBooking.js
  Line 17:7:   'BUS_OPERATORS' is assigned a value but never used                                                                                    no-unused-vars
  Line 119:6:  React Hook useMemo has unnecessary dependencies: 'fromLocation' and 'toLocation'. Either exclude them or remove the dependency array  react-hooks/exhaustive-deps

src\modules\classifieds\AdvancedReporting.js
  Line 5:10:  'selectedMetric' is assigned a value but never used     no-unused-vars
  Line 5:26:  'setSelectedMetric' is assigned a value but never used  no-unused-vars

src\modules\classifieds\AutoRelist.js
  Line 12:26:  '_setCurrentRelists' is assigned a value but never used  no-unused-vars
  Line 17:25:  '_setRelistHistory' is assigned a value but never used   no-unused-vars

src\modules\classifieds\BulkImport.js
  Line 13:10:  'isImporting' is assigned a value but never used  no-unused-vars

src\modules\classifieds\Classifieds.js
  Line 7:8:     'ResponseTimeBadge' is defined but never used                                                                                                                       no-unused-vars
  Line 471:36:  'setSelectedListingForRelist' is assigned a value but never used                                                                                                    no-unused-vars
  Line 738:6:   React Hook useEffect has missing dependencies: 'getClassifiedSavedSearches' and 'getRecentlyViewedClassifieds'. Either include them or remove the dependency array  react-hooks/exhaustive-deps
  Line 1288:6:  React Hook useEffect has a missing dependency: 'trackClassifiedListingView'. Either include it or remove the dependency array                                       react-hooks/exhaustive-deps

src\modules\classifieds\ImageLightbox.js
  Line 77:11:  Redundant alt attribute. Screen-readers already announce `img` tags as an image. You don’t need to use the words `image`, `photo,` or `picture` (or any specified custom words) in the alt prop  jsx-a11y/img-redundant-alt

src\modules\classifieds\QuickDuplicate.js
  Line 27:10:  'selectedTemplate' is assigned a value but never used  no-unused-vars

src\modules\classifieds\ScheduledPosting.js
  Line 17:10:  'selectedSchedule' is assigned a value but never used  no-unused-vars

src\modules\ecommerce\CartPage.js
  Line 8:3:     'formatCountdown' is defined but never used                                                                                                                                                                                                                           no-unused-vars
  Line 10:3:    'isValidGSTIN' is defined but never used                                                                                                                                                                                                                              no-unused-vars
  Line 18:3:    'requestNotificationPermission' is defined but never used                                                                                                                                                                                                             no-unused-vars
  Line 19:3:    'showServiceWorkerNotification' is defined but never used                                                                                                                                                                                                             no-unused-vars
  Line 118:5:   'paymentSecurityConfig' is assigned a value but never used                                                                                                                                                                                                            no-unused-vars
  Line 150:10:  'notificationPermission' is assigned a value but never used                                                                                                                                                                                                           no-unused-vars
  Line 150:34:  'setNotificationPermission' is assigned a value but never used                                                                                                                                                                                                        no-unused-vars
  Line 153:10:  'liveNow' is assigned a value but never used                                                                                                                                                                                                                          no-unused-vars
  Line 153:19:  'setLiveNow' is assigned a value but never used                                                                                                                                                                                                                       no-unused-vars
  Line 193:9:   The 'buildOrderPayload' function makes the dependencies of useCallback Hook (at line 557) change on every render. Move it inside the useCallback callback. Alternatively, wrap the definition of 'buildOrderPayload' in its own useCallback() Hook                    react-hooks/exhaustive-deps
  Line 230:9:   The 'validateAddressFormForSave' function makes the dependencies of useCallback Hook (at line 466) change on every render. Move it inside the useCallback callback. Alternatively, wrap the definition of 'validateAddressFormForSave' in its own useCallback() Hook  react-hooks/exhaustive-deps
  Line 258:9:   The 'validateDeliveryForm' function makes the dependencies of useCallback Hook (at line 557) change on every render. Move it inside the useCallback callback. Alternatively, wrap the definition of 'validateDeliveryForm' in its own useCallback() Hook              react-hooks/exhaustive-deps

src\modules\ecommerce\Ecommerce.js
  Line 446:9:   The 'visibleFavorites' logical expression could make the dependencies of useMemo Hook (at line 478) change on every render. To fix this, wrap the initialization of 'visibleFavorites' in its own useMemo() Hook  react-hooks/exhaustive-deps
  Line 446:9:   The 'visibleFavorites' logical expression could make the dependencies of useMemo Hook (at line 489) change on every render. To fix this, wrap the initialization of 'visibleFavorites' in its own useMemo() Hook  react-hooks/exhaustive-deps
  Line 635:5:   React Hook useMemo has a missing dependency: 'applyMarketplaceFilters'. Either include it or remove the dependency array                                                                                          react-hooks/exhaustive-deps
  Line 1179:6:  React Hook useEffect has missing dependencies: 'productForm.color' and 'productForm.model'. Either include them or remove the dependency array                                                                    react-hooks/exhaustive-deps
  Line 1350:9:  'getPreviewProduct' is assigned a value but never used                                                                                                                                                            no-unused-vars

src\modules\ecommerce\GlobeMartEntry.js
  Line 84:7:   'GLOBEMART_QUICK_STATS' is assigned a value but never used                                                                                                                                                                                                                  no-unused-vars
  Line 91:7:   'GLOBEMART_VALUE_PILLARS' is assigned a value but never used                                                                                                                                                                                                                no-unused-vars
  Line 320:6:  React Hook useEffect has a missing dependency: 'loggedInUser'. Either include it or remove the dependency array. If 'setFormState' needs the current value of 'loggedInUser', you can also switch to useReducer instead of useState and read 'loggedInUser' in the reducer  react-hooks/exhaustive-deps

src\modules\ecommerce\ProductCard.js
  Line 120:6:  React Hook useCallback has a missing dependency: 'product'. Either include it or remove the dependency array  react-hooks/exhaustive-deps

src\modules\ecommerce\VendorSettlement.js
  Line 7:20:  'currentUser' is assigned a value but never used  no-unused-vars

src\modules\fooddelivery\FoodDelivery.js
  Line 220:9:  'clearToasts' is assigned a value but never used                                                                                       no-unused-vars
  Line 280:6:  React Hook useEffect has missing dependencies: 'loadOrders' and 'loadRestaurants'. Either include them or remove the dependency array  react-hooks/exhaustive-deps
  Line 620:6:  React Hook useEffect has a missing dependency: 'fetchOrderTracking'. Either include it or remove the dependency array                  react-hooks/exhaustive-deps

src\modules\hotelbooking\HotelBooking.js
  Line 144:9:  'today' is assigned a value but never used  no-unused-vars

src\modules\hotelbooking\components\AdminHotelPanel.js
  Line 32:6:  React Hook useEffect has a missing dependency: 'loadAdminData'. Either include it or remove the dependency array  react-hooks/exhaustive-deps

src\modules\hotelbooking\components\HotelSearchFilters.js
  Line 1:17:  'useState' is defined but never used  no-unused-vars

src\modules\hotelbooking\components\MyBookings.js
  Line 64:6:  React Hook useEffect has a missing dependency: 'apiCall'. Either include it or remove the dependency array  react-hooks/exhaustive-deps

src\modules\hotelbooking\components\PartnerDashboard.js
  Line 233:6:  React Hook useEffect has a missing dependency: 'loadPartnerData'. Either include it or remove the dependency array  react-hooks/exhaustive-deps

src\modules\kidsstoryvideomaker\KidsStoryVideoMaker.js
  Line 270:14:  Unnecessary escape character: \.                                                                                                                                                                                                                                                           no-useless-escape
  Line 270:16:  Unnecessary escape character: \?                                                                                                                                                                                                                                                           no-useless-escape
  Line 270:18:  Unnecessary escape character: \!                                                                                                                                                                                                                                                           no-useless-escape
  Line 599:10:  'advancedOpen' is assigned a value but never used                                                                                                                                                                                                                                          no-unused-vars
  Line 893:6:   React Hook useEffect has a missing dependency: 'getEngineAvailability'. Either include it or remove the dependency array                                                                                                                                                                   react-hooks/exhaustive-deps
  Line 898:43:  The ref value 'requestControllersRef.current' will likely have changed by the time this effect cleanup function runs. If this ref points to a node rendered by React, copy 'requestControllersRef.current' to a variable inside the effect, and use that variable in the cleanup function  react-hooks/exhaustive-deps
  Line 1750:9:  'handleAddScene' is assigned a value but never used                                                                                                                                                                                                                                        no-unused-vars
  Line 2439:9:  'handleDownloadProjectJson' is assigned a value but never used                                                                                                                                                                                                                             no-unused-vars
  Line 2472:9:  'handleSaveProject' is assigned a value but never used                                                                                                                                                                                                                                     no-unused-vars
  Line 2536:9:  'handleToggleAdvanced' is assigned a value but never used                                                                                                                                                                                                                                  no-unused-vars

src\modules\kidsstoryvideomaker\storyStudioUtils.js
  Line 19:67:  [1m[31mUnexpected[39m[22m[1m control character(s) in regular expression: \x00  no-control-regex

src\modules\kidsstoryvideomaker\videoStudioApi.js
  Line 1:10:    'API_BASE_URL' is defined but never used                    no-unused-vars
  Line 73:9:    'hasExplicitApiTargets' is assigned a value but never used  no-unused-vars
  Line 215:17:  'code' is assigned a value but never used                   no-unused-vars

src\modules\kidsstoryvideomaker\videoStudioContracts.js
  Line 1:66:  [1m[31mUnexpected[39m[22m[1m control character(s) in regular expression: \x00  no-control-regex

src\modules\maps\DriverMap.js
  Line 142:6:  React Hook useEffect has a missing dependency: 'map'. Either include it or remove the dependency array  react-hooks/exhaustive-deps

src\modules\matrimonial\BlueTickBadge.js
  Line 64:6:  React Hook useEffect has a missing dependency: 'loadStatus'. Either include it or remove the dependency array  react-hooks/exhaustive-deps

src\modules\matrimonial\HoroscopeMatching.js
  Line 63:6:  React Hook useEffect has a missing dependency: 'loadMatching'. Either include it or remove the dependency array  react-hooks/exhaustive-deps

src\modules\matrimonial\Matrimonial.js
  Line 1:1:  [1m[31mUnexpected[39m[22m[1m Unicode BOM (Byte Order Mark)  unicode-bom

src\modules\messaging\ChatList.js
  Line 66:6:  React Hook useEffect has a missing dependency: 'getOtherUser'. Either include it or remove the dependency array  react-hooks/exhaustive-deps

src\modules\messaging\ChatWindow.js
  Line 75:10:  'showReadReceipts' is assigned a value but never used                                                                                                                        no-unused-vars
  Line 320:6:  React Hook useEffect has a missing dependency: 'getOtherParticipants'. Either include it or remove the dependency array                                                      react-hooks/exhaustive-deps
  Line 648:6:  React Hook useEffect has missing dependencies: 'resolveAutoLocationDurationMinutes' and 'startLiveLocationWithDuration'. Either include them or remove the dependency array  react-hooks/exhaustive-deps

src\modules\messaging\MessagingLegacy.js
  Line 11:8:    'AISmartReplies' is defined but never used                                                                               no-unused-vars
  Line 48:3:    'saveMessagingOutbox' is defined but never used                                                                          no-unused-vars
  Line 124:7:   'SUPERAPP_QUICK_ACTIONS' is assigned a value but never used                                                              no-unused-vars
  Line 311:10:  'messagingDiagnostics' is assigned a value but never used                                                                no-unused-vars
  Line 404:6:   React Hook useCallback has an unnecessary dependency: 'currentUserId'. Either exclude it or remove the dependency array  react-hooks/exhaustive-deps
  Line 760:9:   'activeNowCount' is assigned a value but never used                                                                      no-unused-vars
  Line 765:9:   'suggestedConversationCards' is assigned a value but never used                                                          no-unused-vars
  Line 773:9:   'recentSharedItems' is assigned a value but never used                                                                   no-unused-vars
  Line 793:9:   'aiAssistantHints' is assigned a value but never used                                                                    no-unused-vars
  Line 2606:9:  'handleSuperappQuickAction' is assigned a value but never used                                                           no-unused-vars

src\modules\nilaaihub\NilaAIHub.js
  Line 125:6:  React Hook useEffect has a missing dependency: 'fetchRecommendations'. Either include it or remove the dependency array  react-hooks/exhaustive-deps

src\modules\personaldiary\AIInsights.js
  Line 92:6:  React Hook useEffect has missing dependencies: 'fetchActionItems' and 'fetchSummary'. Either include them or remove the dependency array  react-hooks/exhaustive-deps

src\modules\personaldiary\AppLockSettings.js
  Line 5:3:  'verifyAppLockPin' is defined but never used  no-unused-vars

src\modules\personaldiary\AutosaveRecoveryModal.js
  Line 1:38:  'useCallback' is defined but never used  no-unused-vars

src\modules\personaldiary\Diary.js
  Line 17:3:    'getAppLockStatus' is defined but never used                                                                                               no-unused-vars
  Line 19:3:    'getEncryptionStatus' is defined but never used                                                                                            no-unused-vars
  Line 45:3:    'stripHtml' is defined but never used                                                                                                      no-unused-vars
  Line 93:27:   'setAnalyticsPeriod' is assigned a value but never used                                                                                    no-unused-vars
  Line 97:27:   'setAiSummaryPeriod' is assigned a value but never used                                                                                    no-unused-vars
  Line 121:6:   React Hook useEffect has missing dependencies: 'loadEntries' and 'setupNotifications'. Either include them or remove the dependency array  react-hooks/exhaustive-deps
  Line 240:48:  [1m[31mUnexpected[39m[22m[1m whitespace after spread operator                                                                                                rest-spread-spacing
  Line 255:6:   React Hook useEffect has a missing dependency: 'loadEntries'. Either include it or remove the dependency array                             react-hooks/exhaustive-deps

src\modules\personaldiary\DiaryAnalyticsDashboard.js
  Line 2:8:  'diaryService' is defined but never used  no-unused-vars

src\modules\personaldiary\DiaryEditor.js
  Line 6:3:     'getPlainTextLength' is defined but never used                                                                    no-unused-vars
  Line 97:9:    'quillRef' is assigned a value but never used                                                                     no-unused-vars
  Line 125:29:  React Hook useCallback received a function whose dependencies are unknown. Pass an inline function instead        react-hooks/exhaustive-deps
  Line 165:6:   React Hook useEffect has a missing dependency: 'handleSubmit'. Either include it or remove the dependency array   react-hooks/exhaustive-deps
  Line 258:6:   React Hook useEffect has a missing dependency: 'fetchVersions'. Either include it or remove the dependency array  react-hooks/exhaustive-deps

src\modules\personaldiary\DiffViewer.js
  Line 48:9:  'toggleLineExpanded' is assigned a value but never used  no-unused-vars

src\modules\personaldiary\TodaysSummary.js
  Line 5:10:  'stripHtml' is defined but never used       no-unused-vars
  Line 5:35:  'formatDateTime' is defined but never used  no-unused-vars

src\modules\personaldiary\TrashBin.js
  Line 15:6:  React Hook useEffect has a missing dependency: 'fetchTrash'. Either include it or remove the dependency array  react-hooks/exhaustive-deps

src\modules\personaldiary\VersionComments.js
  Line 1:38:  'useCallback' is defined but never used  no-unused-vars

src\modules\personaldiary\VersionHistory.js
  Line 14:6:  React Hook useEffect has a missing dependency: 'fetchVersions'. Either include it or remove the dependency array  react-hooks/exhaustive-deps

src\modules\personaldiary\VersionHistoryTimeline.js
  Line 1:27:  'useEffect' is defined but never used    no-unused-vars
  Line 1:38:  'useCallback' is defined but never used  no-unused-vars

src\modules\personaldiary\VersionTags.js
  Line 1:38:  'useCallback' is defined but never used  no-unused-vars

src\modules\quicklinks\QuickLinks.js
  Line 1:27:  'useCallback' is defined but never used  no-unused-vars

src\modules\realestate\RealEstate.js
  Line 29:3:    'formatDateTime' is defined but never used                                                                           no-unused-vars
  Line 120:27:  'setMaintenanceType' is assigned a value but never used                                                              no-unused-vars
  Line 764:9:   'handleMaintenanceSubmit' is assigned a value but never used                                                         no-unused-vars
  Line 821:9:   'buyerQuickStats' is assigned a value but never used                                                                 no-unused-vars
  Line 844:6:   React Hook useCallback has an unnecessary dependency: 'pushToast'. Either exclude it or remove the dependency array  react-hooks/exhaustive-deps

src\modules\ridesharing\RideSharing.js
  Line 68:11:  'user' is assigned a value but never used                                                                        no-unused-vars
  Line 78:10:  'bookingConfirmed' is assigned a value but never used                                                            no-unused-vars
  Line 80:10:  'rideHistory' is assigned a value but never used                                                                 no-unused-vars
  Line 84:23:  'setDriverRides' is assigned a value but never used                                                              no-unused-vars
  Line 85:26:  'setDriverEarnings' is assigned a value but never used                                                           no-unused-vars
  Line 94:6:   React Hook useEffect has a missing dependency: 'loadUserData'. Either include it or remove the dependency array  react-hooks/exhaustive-deps

src\modules\skilllearning\SkillLearningHub.js
  Line 33:7:    'TRENDING_SKILLS' is assigned a value but never used                                                                                    no-unused-vars
  Line 42:7:    'DAILY_TIPS' is assigned a value but never used                                                                                         no-unused-vars
  Line 98:10:   'watchHistory' is assigned a value but never used                                                                                       no-unused-vars
  Line 104:10:  'interviewForm' is assigned a value but never used                                                                                      no-unused-vars
  Line 104:25:  'setInterviewForm' is assigned a value but never used                                                                                   no-unused-vars
  Line 105:10:  'interviewFeedback' is assigned a value but never used                                                                                  no-unused-vars
  Line 105:29:  'setInterviewFeedback' is assigned a value but never used                                                                               no-unused-vars
  Line 107:10:  'recommendations' is assigned a value but never used                                                                                    no-unused-vars
  Line 107:27:  'setRecommendations' is assigned a value but never used                                                                                 no-unused-vars
  Line 111:10:  'skillWallet' is assigned a value but never used                                                                                        no-unused-vars
  Line 117:10:  'courseFiltersOpen' is assigned a value but never used                                                                                  no-unused-vars
  Line 117:29:  'setCourseFiltersOpen' is assigned a value but never used                                                                               no-unused-vars
  Line 209:6:   React Hook useEffect has missing dependencies: 'fetchCourses' and 'fetchDashboard'. Either include them or remove the dependency array  react-hooks/exhaustive-deps
  Line 213:6:   React Hook useEffect has a missing dependency: 'fetchCourses'. Either include it or remove the dependency array                         react-hooks/exhaustive-deps
  Line 223:6:   React Hook useEffect has a missing dependency: 'fetchQuestions'. Either include it or remove the dependency array                       react-hooks/exhaustive-deps
  Line 236:9:   'handleFilterChange' is assigned a value but never used                                                                                 no-unused-vars

src\modules\socialmedia\SocialMedia.js
  Line 15:3:  'getAvatarSrc' is defined but never used  no-unused-vars

src\modules\socialmedia\components\ForYouFeed.js
  Line 48:21:  'currentUser' is assigned a value but never used     no-unused-vars
  Line 52:23:  'setUserProfile' is assigned a value but never used  no-unused-vars

src\modules\socialmedia\components\Polls.js
  Line 6:11:  'currentUser' is assigned a value but never used  no-unused-vars

src\modules\voicefriend\VoiceFriend.js
  Line 272:10:  'editingPersona' is assigned a value but never used                                                                                                                                                             no-unused-vars
  Line 272:26:  'setEditingPersona' is assigned a value but never used                                                                                                                                                          no-unused-vars
  Line 331:6:   React Hook useMemo has a missing dependency: 'autoSendVoice'. Either include it or remove the dependency array                                                                                                  react-hooks/exhaustive-deps
  Line 394:67:  'applySessionSettings' was used before it was defined                                                                                                                                                           no-use-before-define
  Line 446:9:   The 'applySessionSettings' function makes the dependencies of useCallback Hook (at line 394) change on every render. To fix this, wrap the definition of 'applySessionSettings' in its own useCallback() Hook   react-hooks/exhaustive-deps
  Line 446:9:   The 'applySessionSettings' function makes the dependencies of useCallback Hook (at line 1077) change on every render. To fix this, wrap the definition of 'applySessionSettings' in its own useCallback() Hook  react-hooks/exhaustive-deps
  Line 609:6:   React Hook useCallback has a missing dependency: 'buildRequestHeaders'. Either include it or remove the dependency array                                                                                        react-hooks/exhaustive-deps
  Line 765:6:   React Hook useCallback has missing dependencies: 'buildRequestHeaders' and 'voice'. Either include them or remove the dependency array                                                                          react-hooks/exhaustive-deps
  Line 1140:6:  React Hook useCallback has a missing dependency: 'buildRequestHeaders'. Either include it or remove the dependency array                                                                                        react-hooks/exhaustive-deps

src\pwaConfig.js
  Line 134:1:  Assign object to a variable before exporting as module default  import/no-anonymous-default-export

src\services\demoMessagingData.js
  Line 499:1:  Assign object to a variable before exporting as module default  import/no-anonymous-default-export

src\services\diaryService.js
  Line 1103:1:  Assign object to a variable before exporting as module default  import/no-anonymous-default-export

src\services\foodDeliveryService.js
  Line 329:1:  Assign object to a variable before exporting as module default  import/no-anonymous-default-export

src\services\notificationService.js
  Line 107:7:  'onNotificationClick' is assigned a value but never used  no-unused-vars

src\services\rideSharingService.js
  Line 14:1:  Assign object to a variable before exporting as module default  import/no-anonymous-default-export

src\utils\xssProtection.js
  Line 52:31:  Script URL is a form of eval  no-script-url

[39m[22m

[1m[31mERROR[39m[22m in [1m[eslint] 
src\modules\astrology\AstrologyHome.js
  Line 342:417:  'astrologyService' is not defined         no-undef
  Line 355:137:  'DEFAULT_BIRTH_TIME_ZONE' is not defined  no-undef

Search for the keywords to learn more about each [1m[31merror[39m[22m[1m.[39m[22m

webpack compiled with [1m[31m1 error[39m[22m and [1m[33m6 warnings[39m[22m
